precision,accuracy,recall,duration
0.6049443409184964,0.6070707070707071,0.607070707070707,362.78176736831665
