precision,accuracy,recall,duration
0.8440400442024828,0.8383333333333334,0.8332285036168485,349.2005844116211
