precision,accuracy,recall,duration
0.9337944664031621,0.9166666666666666,0.9065934065934066,193.88292956352234
