precision,accuracy,recall,duration
0.46164789983604254,0.4143646408839779,0.4157397107897664,2285.234521627426
