precision,accuracy,recall,duration
0.9093434343434345,0.9,0.9,739.930427312851
