precision,accuracy,recall,duration
0.9881656804733727,0.9873015873015873,0.9866666666666667,205.61309695243835
