precision,accuracy,recall,duration
0.8913062963314458,0.8857827476038339,0.8811156043391746,101.33451056480408
