precision,accuracy,recall,duration
0.6663636363636364,0.6666666666666666,0.6661220043572985,209.72858333587646
