precision,accuracy,recall,duration
0.45853762722456004,0.5501567398119123,0.39915805961650414,305.4884150028229
