precision,accuracy,recall,duration
0.883879514007809,0.8431952662721893,0.9194221364458588,604.7261483669281
