precision,accuracy,recall,duration
0.5413100523228159,0.5127272727272727,0.5340663970548272,932.5069725513458
