precision,accuracy,recall,duration
0.7064240079942123,0.6828070175438596,0.6828070175438596,254.49685406684875
