precision,accuracy,recall,duration
0.8836616161616162,0.88,0.8800000000000001,242.48826813697815
