precision,accuracy,recall,duration
0.6842857142857143,0.6666666666666666,0.6666666666666667,196.52453780174255
