precision,accuracy,recall,duration
0.5820366037411454,0.6865203761755486,0.5409726772314314,467.3962435722351
