precision,accuracy,recall,duration
0.845,0.7666666666666667,0.7666666666666668,154.46230006217957
