precision,accuracy,recall,duration
0.91066131307767,0.911,0.9103775165274323,719.8676524162292
