precision,accuracy,recall,duration
0.3658665406162756,0.33454545454545453,0.3487052752536984,287.35529255867004
