precision,accuracy,recall,duration
0.8640692640692641,0.8514285714285714,0.8598122322486556,252.92170333862305
