precision,accuracy,recall,duration
0.8543956043956044,0.7333333333333333,0.6138888888888888,189.42807507514954
