precision,accuracy,recall,duration
0.5902230971128609,0.7338129496402878,0.5377747252747253,388.4513840675354
