precision,accuracy,recall,duration
0.7847222222222221,0.8333333333333334,0.7763888888888889,118.66542768478394
