precision,accuracy,recall,duration
0.39382733954912097,0.3904040404040404,0.39040404040404036,259.49685883522034
