precision,accuracy,recall,duration
0.5524427899232282,0.7902439024390244,0.5241066492932164,345.3350348472595
