precision,accuracy,recall,duration
0.8375850340136054,0.7945205479452054,0.7833333333333333,195.16490983963013
