precision,accuracy,recall,duration
0.7647058823529411,0.5555555555555556,0.5555555555555556,209.9399609565735
