precision,accuracy,recall,duration
0.5477964898696606,0.775609756097561,0.5205756929637527,444.91864013671875
