precision,accuracy,recall,duration
0.5426065162907268,0.7338129496402878,0.5093406593406593,872.3480298519135
