precision,accuracy,recall,duration
0.971938775510204,0.9714285714285714,0.9709090909090909,174.81627368927002
