precision,accuracy,recall,duration
0.8668109668109667,0.8493150684931506,0.8536340852130325,158.6033341884613
