precision,accuracy,recall,duration
0.9344196105963467,0.9345047923322684,0.9337236022851274,191.2787163257599
