precision,accuracy,recall,duration
0.7954755694661797,0.7828571428571428,0.7930908759456751,109.77112054824829
