precision,accuracy,recall,duration
0.9415963020030818,0.9410526315789474,0.9410526315789474,132.5097212791443
