precision,accuracy,recall,duration
0.9158569232951521,0.934319526627219,0.9565915527588401,625.27175116539
