precision,accuracy,recall,duration
0.49205869362119364,0.45027624309392267,0.4513070077864294,716.7986180782318
